DATE,HS_CODE,PRODUCT,QUANTITY,UNIT,UNIT_RATE,CURRENCY,TOTAL_USD,DESTINATION,EXPORTER,IMPORTER
21-12-2020,29372900,DRUGS: TRIAMCINOLONE ACETONIDE (TRIAMCIN OLONE ACETONIDE BP),10,KGS,1582.72,USD,16110,BANGLADESH,IPCA LABORATORIES LIMITED,ORIOIN PHARMA LIMITED
21-12-2020,29372900,DRUGS: BECLOMETHASONE DIPROPIONATE BP(BE CLOMETHASONE DIPROPIONATE),0.15,KGS,4421.02,USD,675,BANGLADESH,IPCA LABORATORIES LIMITED,TO ORDER OF
21-12-2020,29096000,DRUGS: ARTEMETHER INP,550,KGS,245.61,USD,137500,GHANA,IPCA LABORATORIES LIMITED,KINA PHARMA
21-12-2020,29225021,DRUGS: FUROSEMIDE PH.EUR.,1,KGS,121.26,USD,123.42,CHINA,IPCA LABORATORIES LIMITED,TO ORDER OF
21-12-2020,29039990,DRUGS: LUMEFANTRINE (LUMEFANTRINE INP),3200,KGS,35.37,USD,115200,GHANA,IPCA LABORATORIES LIMITED,KINA PHARMA
21-12-2020,29242990,DRUGS VALSARTAN USP,3650,KGS,187.71,USD,697388.32,IRAN,IPCA LABORATORIES LIMITED,TO ORDER OF
21-12-2020,29332990,LOSARTAN POTASSIUM(LOSARTAN POTASSIUM US P),3338.4,KGS,86.46,USD,293779.18,BRAZIL,IPCA LABORATORIES LIMITED,TO ORDER OF-EUROFARMA LABORATORIOS
21-12-2020,29332990,DRUGS:LOSARTAN POTASSIUM(LOSARTAN POTASS IUM USP),235.76,KGS,86.46,USD,20746.9,BRAZIL,IPCA LABORATORIES LIMITED,TO ORDER OF-EUROFARMA LABORATORIOS
19-12-2020,29332990,DRUGS: LOSARTAN POTASSIUM (LOSARTAN POTA SSIUM USP),2198.74,KGS,92.01,USD,205912,BRAZIL,IPCA LABORATORIES LIMITED,TO ORDER OF
19-12-2020,29181320,METROPROLOL TARTRATE,5,KGS,108.04,USD,549.83,NEPAL,IPCA LABORATORIES LIMITED,NATIONAL HEALTHCARE PVT LTD
18-12-2020,29335990,DRUGS: PYRANTEL PAMOATE USP (PYRANTEL PA MOATE),500,KGS,28.98,USD,14750,BRAZIL,IPCA LABORATORIES LIMITED,TO ORDER OF
18-12-2020,29335990,DRUGS PYRANTEL PAMOATE (PYRANTEL PAMOATE USP),300,KGS,29.47,USD,9000,BRAZIL,IPCA LABORATORIES LIMITED,SESPO INDUSTRIA E COMERCIO LTDA
18-12-2020,29335990,DRUGS PYRANTEL PAMOATE (PYRANTEL PAMOAT E USP),500,KGS,27.03,USD,13758.5,ARGENTINA,IPCA LABORATORIES LIMITED,"TO ORDER OF ROMIKIN S,A,U"
18-12-2020,29335990,DRUGS OXANTEL PAMOATE,100,KGS,93.85,USD,9553,ARGENTINA,IPCA LABORATORIES LIMITED,"TO ORDER OF ROMIKIN S,A,U"
18-12-2020,29252990,DRUGS: METFORMIN HYDROCHLORIDE USP,1000,KGS,3.54,USD,3600,PAKISTAN,IPCA LABORATORIES LIMITED,MARTIN DOW LIMITED
18-12-2020,29334900,DRUGS: HYDROXYCHLOROQUINE SULPHATE / SUL FATE (HYDROXYCHLOROQUINE SULPHATE USP),425,KGS,146.88,USD,63537.5,ARGENTINA,IPCA LABORATORIES LIMITED,TO ORDER OF
18-12-2020,29221990,DRUGS: BISOPROLOL FUMARATE USP,1,KGS,39.43,USD,40.14,ARGENTINA,IPCA LABORATORIES LIMITED,TO ORDER OF
18-12-2020,29359090,DRUGS: HYDROCHLOROTHIAZIDE PH.EUR.,300,KGS,46.67,USD,14250,TURKEY,IPCA LABORATORIES LIMITED,ULAGAYLAR IALC SAN. TIC. AS.
18-12-2020,29332990,DRUGS: FLUCONAZOLE PH.EUR.,100,KGS,349.75,USD,35600,MACEDONIA,IPCA LABORATORIES LIMITED,TO ORDER OF
17-12-2020,29420027,DRUGS.PROPRANOLOL HYDROCHLORIDE Ph.Eur.( TABLET GRADE) (Batch No. 20031PRTB & 200 32PRTB Mfg Dt :OCT 2020 Retest dt: SEP 2,1079.65,KGS,42.88,USD,46964.78,BELGIUM,IPCA LABORATORIES LIMITED,CORDEN PHARMA GMBH
17-12-2020,29420027,DRUGS.ATENOLOL PH.EUR (BATCH NO.20044A2T B TO 20048A2TB MFG DT:SEP 2020 & OCT 202 0 RETEST DT:AUG 2025 & SEP 2025),2649.7,KGS,36.97,USD,99363.75,BELGIUM,IPCA LABORATORIES LIMITED,CORDEN PHARMA GMBH
17-12-2020,29372900,DRUGS: BETAMETHASONE DIPROPIONATE MIC (B,2.5,KGS,2200,USD,5493.15,ARGENTINA,IPCA LABORATORIES LIMITED,LAB. PABLO CASSARA S.R.L.
17-12-2020,29225021,DRUGS: FUROSEMIDE PH.EUR,1555.9,KGS,54.72,USD,86367.16,FRANCE,IPCA LABORATORIES LIMITED,TO ORDER OF
17-12-2020,29252990,DRUGS METFORMIN HYDROCHLORIDE BP,5250,KGS,3.01,USD,16012.5,BANGLADESH,IPCA LABORATORIES LIMITED,THE IBN-SINA PHARMACEUTICAL INDUSTR
17-12-2020,29332990,DRUGS: LOSARTAN POTASSIUM (LOSARTAN POTA SSIUM USP),450,KGS,111.49,USD,50891.03,TAIWAN,IPCA LABORATORIES LIMITED,TO ORDER OF
17-12-2020,29225021,DRUGS: FRUSEMIDE/ FUROSEMIDE USP,10,KGS,77.65,USD,787.67,IRAN,IPCA LABORATORIES LIMITED,ALBORZ DAROU CO.
17-12-2020,29242990,DRUGS: VALSARTAN USP,200,KGS,198.64,USD,40300,TAIWAN,IPCA LABORATORIES LIMITED,TO ORDER OF
17-12-2020,29372900,DRUGS: BECLOMETHASONE DIPROPIONATE MIC ( BECLOMETHASONE DIPROPIONATE),2.5,KGS,2070.22,USD,5250,ARGENTINA,IPCA LABORATORIES LIMITED,LAB. PABLO CASSARA S.R.L.
17-12-2020,29333920,DRUGS: METHYL PHENIDATE HYDROCHLORIDE PH .EUR.,100,KGS,706.93,USD,71710,GERMANY,IPCA LABORATORIES LIMITED,DEVELCO PHARMA GMBH
16-12-2020,29335990,DRUGS: OXANTEL PAMOATE,500,KGS,88.23,USD,44750,ARGENTINA,IPCA LABORATORIES LIMITED,TO ORDER OF
16-12-2020,29225021,DRUGS: FUROSEMIDE PH.EUR,1450,KGS,41.4,USD,60900,RUSSIA,IPCA LABORATORIES LIMITED,TO ORDER OF
16-12-2020,29335990,DRUGS: ALLOPURINOL (ALLOPURINOL PH.EUR. ),1518.5,KGS,42.98,USD,66206.61,GERMANY,IPCA LABORATORIES LIMITED,ADVANCE PHARMA GMBH
16-12-2020,29335990,DRUGS: PYRANTEL PAMOATE USP (PYRANTEL PA MOATE),500,KGS,29.08,USD,14750,ARGENTINA,IPCA LABORATORIES LIMITED,TO ORDER OF
16-12-2020,29181390,DRUGS: METOPROLOL SUCCINATE PH.EUR.,46.9,KGS,68.02,USD,3236.1,PORTUGAL,IPCA LABORATORIES LIMITED,TO ORDER OF
16-12-2020,29322090,DRUGS: SIMVASTATIN (PROCESS-II) PH.EUR.,250,KGS,203.08,USD,51500,GERMANY,IPCA LABORATORIES LIMITED,TO ORDER OF
16-12-2020,29334900,DRUGS: AMODIAQUINE HYDROCHLORIDE USP,4991.3,KGS,35.34,USD,178938.11,CHINA,IPCA LABORATORIES LIMITED,TO ORDER OF
16-12-2020,29332990,DRUGS: LOSARTAN POTASSIUM (LOSARTAN POTA SSIUM USP),50,KGS,105.48,USD,5350,SAUDI ARABIA,IPCA LABORATORIES LIMITED,TO ORDER OF
16-12-2020,29420027,DRUGS: ATENOLOL BP,100,KGS,20.79,USD,2109,BANGLADESH,IPCA LABORATORIES LIMITED,ESKAYEF PHARMACEUTICALS LTD.
16-12-2020,29223900,DRUGS : ALENDRONATE SODIUM HYDRATE JP,140.55,KGS,1163.27,USD,165849,JAPAN,IPCA LABORATORIES LIMITED,TO ORDER OF
16-12-2020,29372900,DRUGS: BETAMETHASONE SODIUM PHOSPHATE EP,4,KGS,1675.89,USD,6800,ARGENTINA,IPCA LABORATORIES LIMITED,TO ORDER OF
16-12-2020,29313900,DRUGS: ALENDRONATE SODIUM PH.EUR.,25,KGS,209.98,USD,5325,SPAIN,IPCA LABORATORIES LIMITED,TO ORDER OF
16-12-2020,29333920,DRUGS: PAROXETINE HCL HEMIHYDRATE PH.EUR . (PAROXETINE HCL HEMIHYDRATE),125,KGS,512.63,USD,65000,BRAZIL,IPCA LABORATORIES LIMITED,TO ORDER OF
16-12-2020,29359090,DRUGS: TORSEMIDE PH.EUR.,50,KGS,476.15,USD,24150,CZECH REPUBLIC,IPCA LABORATORIES LIMITED,TO ORDER OF
16-12-2020,29372900,DRUGS: TRIAMCINOLONE ACETONIDE (TRIAMCIN OLONE ACETONIDE USP),10,KGS,1677.87,USD,17020,PAKISTAN,IPCA LABORATORIES LIMITED,ICI PAKISTAN LIMITED
16-12-2020,29225021,DRUGS : FUROSEMIDE USP,850,KGS,36.62,USD,31577.51,ARGENTINA,IPCA LABORATORIES LIMITED,TO ORDER OF
16-12-2020,29335990,DRUGS ALLOPURINOL (ALLOPURINOL PH.EUR.,1518.5,KGS,44,USD,66205.48,GERMANY,IPCA LABORATORIES LIMITED,ADVANCE PHARMA GMBH
15-12-2020,29335990,DRUGS: PYRANTEL PAMOATE (PYRANTEL PAMOAT,25,KGS,45,USD,1109.59,RUSSIA,IPCA LABORATORIES LIMITED,TO ORDER OF
15-12-2020,29335990,DRUGS ALLOPURINOL (ALLOPURINOL USP ),200,KGS,54.71,USD,11100,INDONESIA,IPCA LABORATORIES LIMITED,"TO ORDER OF PT,MENJANGAN SAKTI"
15-12-2020,29359090,DRUGS HYDROCHLOROTHIAZIDE PH.EUR.,953,KGS,33.77,USD,32646.85,GERMANY,IPCA LABORATORIES LIMITED,TO ORDER OF OTTO BRANDES GMBH
15-12-2020,29335990,DRUGS OXANTEL PAMOATE,450,KGS,91.43,USD,41733.49,AUSTRALIA,IPCA LABORATORIES LIMITED,TO ORDER OF DKSH AUSTRALIA PTY LTD
15-12-2020,29225021,DRUGS FUROSEMIDE BP,50,KGS,59.97,USD,3041.51,AUSTRALIA,IPCA LABORATORIES LIMITED,TO ORDER OF DKSH AUSTRALIA PTY LTD
15-12-2020,29359090,DRUGS: GLIMEPIRIDE USP,1,KGS,2377.8,USD,2412,MALAYSIA,IPCA LABORATORIES LIMITED,TO ORDER OF
15-12-2020,29181320,DRUGS: METOPROLOL TARTRATE (METOPROLOL T ARTRATE PH.EUR.),1300,KGS,33.52,USD,44200,RUSSIA,IPCA LABORATORIES LIMITED,TO ORDER OF
15-12-2020,29419090,DRUGS: FLUMEQUINE (FLUMEQUINE PH.EUR),600,KGS,54.91,USD,33420,FRANCE,IPCA LABORATORIES LIMITED,TO ORDER OF
15-12-2020,29420034,DRUGS: FAMOTIDINE JP,386,KGS,195.69,USD,76621,JAPAN,IPCA LABORATORIES LIMITED,TO ORDER OF
15-12-2020,29420034,DRUGS: FAMOTIDINE JP,0.18,KGS,195.69,USD,35.73,JAPAN,IPCA LABORATORIES LIMITED,TO ORDER OF
15-12-2020,29359090,DRUGS: GLIMEPIRIDE USP,10,KGS,938.5,USD,9520,TAIWAN,IPCA LABORATORIES LIMITED,TO ORDER OF
14-12-2020,29181320,DRUGS METOPROLOL TARTRATE (METOPROLOL TA RTRATE USP),100,KGS,37.95,USD,3850,PHILIPPINES,IPCA LABORATORIES LIMITED,"TO ORDER OF PASCUAL LABORATORIES, I"
14-12-2020,29420027,DRUGS ATENOLOL PH.EUR,1015.5,KGS,27.31,USD,28129.36,GERMANY,IPCA LABORATORIES LIMITED,TO ORDER OF SALUTAS PHARMA GMBH
14-12-2020,29335990,DRUGS PYRANTEL PAMOATE USP (PYRANTEL PAM OATE ),125,KGS,35.74,USD,4531.25,PHILIPPINES,IPCA LABORATORIES LIMITED,"TO ORDER OF AVLI BIOCARE, INC"
14-12-2020,29335990,DRUGS PYRANTEL PAMOATE USP (PYRANTEL PA MOATE ),125,KGS,35.74,USD,4531.25,PHILIPPINES,IPCA LABORATORIES LIMITED,"TO ORDER OF AVLI BIOCARE, INC"
14-12-2020,29335990,DRUGS ALLOPURINOL (ALLOPURINOL PH.EUR. ),2880.6,KGS,53.19,USD,155408.37,SWITZERLAND,IPCA LABORATORIES LIMITED,"TO ORDER OF AIRPHARM SA,"
14-12-2020,29221990,DRUGS: BISOPROLOL FUMARATE USP,75,KGS,254.34,USD,19350,VIETNAM,IPCA LABORATORIES LIMITED,TO ORDER OF
14-12-2020,29242990,DRUGS: VALSARTAN PH.EUR.,390,KGS,185.33,USD,73320,NETHERLANDS,IPCA LABORATORIES LIMITED,TO ORDER OF
14-12-2020,29181320,DRUGS METOPROLOL TARTRATE (METOPROLOL TA,100,KGS,39.5,USD,3849.32,PHILIPPINES,IPCA LABORATORIES LIMITED,"TO ORDER OF PASCUAL LABORATORIES, I"
11-12-2020,29181320,DRUGS: METOPROLOL TARTRATE (METOPROLOL T ARTRATE USP),1000,KGS,29.71,USD,30136.99,IRAN,IPCA LABORATORIES LIMITED,TO ORDER OF
11-12-2020,29335990,DRUGS: CETIRIZINE DI HYDROCHLORIDE PH.EU R.,90,KGS,282.65,USD,25804.79,ARGENTINA,IPCA LABORATORIES LIMITED,TO ORDER OF
11-12-2020,29359090,DRUGS: HYDROCHLOROTHIAZIDE PH.EUR.,10,KGS,118.7,USD,1204.11,PORTUGAL,IPCA LABORATORIES LIMITED,"LABORATORIOS ATRAL, S.A"
11-12-2020,29335990,DRUGS: PYRANTEL PAMOATE USP (PYRANTEL PA MOATE),75,KGS,27.67,USD,2104.75,PERU,IPCA LABORATORIES LIMITED,TO ORDER OF
11-12-2020,29372900,DRUGS: TESTOSTERONE USP,40,KGS,385.46,USD,15640,SWITZERLAND,IPCA LABORATORIES LIMITED,TO ORDER OF
11-12-2020,29362990,DRUGS: CALCITRIOL EP (WORKING STANDARDS),0.02,GMS,24655.64,USD,500.21,GREECE,IPCA LABORATORIES LIMITED,TO ORDER OF
11-12-2020,29362990,DRUGS: CALCITRIOL EP,1.54,GMS,4338.39,USD,6777.22,GREECE,IPCA LABORATORIES LIMITED,TO ORDER OF
11-12-2020,29359090,DRUGS:CHLORTHALIDONE / CHLORTALIDONE USP (LUT ARN NO.AD230320003817M Dated 21.03. 2020),2000,KGS,113.02,USD,229300,MEXICO,IPCA LABORATORIES LIMITED,TO ORDER OF
11-12-2020,29420027,PROPRANOLOL HYDROCHLORIDE USP(LUT ARN NO .AD230320003817M Dated 21.03.2020),2425,KGS,34.13,USD,83957.36,MEXICO,IPCA LABORATORIES LIMITED,TO ORDER OF
11-12-2020,29420027,DRUGS:ATENOLOL USP(LUT ARN NO.AD23032000 3817M Dated 21.03.2020),1000,KGS,25.35,USD,25718.89,MEXICO,IPCA LABORATORIES LIMITED,TO ORDER OF
11-12-2020,29225021,DRUGS: FUROSEMIDE PH.EUR,2725,KGS,41.4,USD,114450,RUSSIA,IPCA LABORATORIES LIMITED,TO ORDER OF
11-12-2020,29420034,DRUGS FAMOTIDINE USP,150,KGS,89.71,USD,13650,MALAYSIA,IPCA LABORATORIES LIMITED,"TO ORDER OF HOVID BHD,"
11-12-2020,29332990,DRUGS: LOSARTAN POTASSIUM (LOSARTAN POTA SSIUM USP),300,KGS,95.62,USD,29100,MYANMAR,IPCA LABORATORIES LIMITED,TO ORDER OF
10-12-2020,29181320,DRUGS: METOPROLOL TARTRATE PH EUR,3300,KGS,33.52,USD,112200,RUSSIA,IPCA LABORATORIES LIMITED,LLC VELPHARM
10-12-2020,29335990,DRUGS: CETIRIZINE DI HYDROCHLORIDE PH.EU,90,KGS,300,USD,26972.6,ARGENTINA,IPCA LABORATORIES LIMITED,TO ORDER OF
10-12-2020,29359090,DRUGS: HYDROCHLOROTHIAZIDE BP,5,KGS,735,INR,54.79,BANGLADESH,IPCA LABORATORIES LIMITED,EURO PHARMA LIMITED
10-12-2020,29221990,DRUGS: BISOPROLOL FUMARATE USP,5,KGS,1102.5,INR,82.19,BANGLADESH,IPCA LABORATORIES LIMITED,EURO PHARMA LIMITED
10-12-2020,29181320,DRUGS: METOPROLOL TARTRATE PH EUR,3300,KGS,34,USD,112205.48,RUSSIA,IPCA LABORATORIES LIMITED,LLC VELPHARM
10-12-2020,29372900,DRUGS: TRIAMCINOLONE ACETONIDE (TRIAMCIN OLONE ACETONIDE USP/BP),3,KGS,1572.38,USD,4785,BANGLADESH,IPCA LABORATORIES LIMITED,TO ORDER OF
10-12-2020,29221990,DRUGS: BISOPROLOL FUMARATE USP,5,KGS,14.89,USD,75.51,BANGLADESH,IPCA LABORATORIES LIMITED,TO ORDER OF
10-12-2020,29334900,DRUGS: AMODIAQUINE HYDROCHLORIDE USP,4983.92,KGS,35.19,USD,177925.94,CHINA,IPCA LABORATORIES LIMITED,TO ORDER OF
10-12-2020,29359090,DRUGS: HYDROCHLOROTHIAZIDE BP,5,KGS,9.93,USD,50.34,BANGLADESH,IPCA LABORATORIES LIMITED,TO ORDER OF
10-12-2020,29333920,DRUGS: PAROXETINE HCL HEMIHYDRATE (PAROX ETINE HYDROCHLORIDE HEMIHYDRATE USP),100,KGS,384.47,USD,39000,GERMANY,IPCA LABORATORIES LIMITED,TO ORDER OF
10-12-2020,29242990,DRUGS: VALSARTAN PH.EUR.,150,KGS,146.72,USD,22325.05,ISRAEL,IPCA LABORATORIES LIMITED,TO ORDER OF
10-12-2020,29359090,DRUGS: BENDROFLUMETHIAZIDE,50,KGS,396.84,USD,20127.51,GERMANY,IPCA LABORATORIES LIMITED,MERCKLE GMBH
10-12-2020,29371900,DRUGS: TESTOSTERONE PROPIONATE PH.EUR.,4,KGS,660.92,USD,2681.69,SWITZERLAND,IPCA LABORATORIES LIMITED,TO ORDER OF
10-12-2020,29359090,DRUGS: HYDROCHLOROTHIAZIDE BP,50,KGS,39.43,USD,1999.95,ISRAEL,IPCA LABORATORIES LIMITED,TO ORDER OF
10-12-2020,29372900,DRUGS: TESTOSTERONE PH.EUR.,10,KGS,694.44,USD,7044.31,SWITZERLAND,IPCA LABORATORIES LIMITED,TO ORDER OF
10-12-2020,29420027,DRUGS : ATENOLOL PH. EUR.,1073,KGS,26.72,USD,29078.3,CANADA,IPCA LABORATORIES LIMITED,TO ORDER OF
10-12-2020,29372900,DRUGS : TESTOSTERONE PH. EUR.,5,KGS,612.69,USD,3107.51,GERMANY,IPCA LABORATORIES LIMITED,TO ORDER OF
10-12-2020,29372900,DRUGS : METHYLPREDNISOLONE ACEPONATE IHT,0.5,KGS,11650.43,USD,5909,ARGENTINA,IPCA LABORATORIES LIMITED,TO ORDER OF
10-12-2020,29335990,DRUGS: CETIRIZINE DI HYDROCHLORIDE PH.EU R.,50,KGS,246.46,USD,12500,IRELAND,IPCA LABORATORIES LIMITED,TO ORDER OF
10-12-2020,29335990,DRUGS: CETIRIZINE DI HYDROCHLORIDE PH.EU R.,21.7,KGS,250.4,USD,5511.8,IRELAND,IPCA LABORATORIES LIMITED,TO ORDER OF
10-12-2020,29371900,DRUGS  TESTOSTERONE UNDECANOATE  BATCH N O: 19002TU1RN  MFG DT: FEB-2019  RE-TEST DT: JAN 2022,0.04,GMS,9.86,USD,0.4,COLOMBIA,IPCA LABORATORIES LIMITED,TO ORDER OF
10-12-2020,29321990,DRUGS: BENZBROMARONE JP,75,KGS,197.16,USD,15000,JAPAN,IPCA LABORATORIES LIMITED,TO ORDER OF
10-12-2020,29321990,DRUGS: BENZBROMARONE JP,500,KGS,177.45,USD,90000,JAPAN,IPCA LABORATORIES LIMITED,TO ORDER OF
09-12-2020,29335920,DRUGS:TRIMETHOPRIM(TRIMETHOPRIM PH.EUR/U SP),8950,KGS,54.61,USD,495830,SWITZERLAND,IPCA LABORATORIES LIMITED,TO ORDER OF
09-12-2020,29419090,DRUGS: FLUMEQUINE (FLUMEQUINE PH.EUR),500,KGS,50.67,USD,25700,JORDAN,IPCA LABORATORIES LIMITED,TO ORDER OF
09-12-2020,29334900,DRUGS: HYDROXYCHLOROQUINE SULPHATE / SUL FATE (HYDROXYCHLOROQUINE SULPHATE USP),25,KGS,197.16,USD,5000,PAKISTAN,IPCA LABORATORIES LIMITED,ALBRO PHARMACEUTICALS ( PVT) LTD.
09-12-2020,29419090,DRUGS: FLUMEQUINE PH.EUR. (FLUMEQUINE),200,KGS,50.67,USD,10280,TUNISIA,IPCA LABORATORIES LIMITED,TO ORDER OF
09-12-2020,29419090,DRUGS FLUMEQUINE (FLUMEQUINE PH.EUR),400,KGS,51.51,USD,20900,HONG KONG,IPCA LABORATORIES LIMITED,TO ORDER OF NOR AIR LOGISTICS (HK)
09-12-2020,29039990,DRUGS: LUMEFANTRINE PH EUR,150,KGS,34.5,USD,5250,PAKISTAN,IPCA LABORATORIES LIMITED,TO ORDER OF
09-12-2020,29096000,DRUGS: ARTEMETHER PH EUR,25,KGS,315.46,USD,8000,PAKISTAN,IPCA LABORATORIES LIMITED,TO ORDER OF
09-12-2020,29419090,DRUGS: FLUMEQUINE (FLUMEQUINE PH.EUR),1875,KGS,53.92,USD,102562.5,TURKEY,IPCA LABORATORIES LIMITED,TO ORDER OF
09-12-2020,29392040,DRUGS: CHLOROQUINE PHOSPHATE (CHLOROQUIN E PHOSPHATE BP),100,KGS,34.5,USD,3500,PAKISTAN,IPCA LABORATORIES LIMITED,ALBRO PHARMACEUTICALS ( PVT) LTD.